{"cameraMode":{"drawMode":0,"name":"Shaded","section":"Shading Mode"},"sceneLighting":true,"audioPlay":false,"sceneViewState":{"showFog":true,"showMaterialUpdate":false,"showSkybox":true,"showFlares":true,"showImageEffects":true,"showParticleSystems":true},"in2DMode":false,"pivot":{"x":10.382349014282227,"y":7.985345840454102,"z":12.564355850219727},"rotation":{"x":0.17997805774211884,"y":0.2818012237548828,"z":-0.05390384420752525,"w":0.9408988952636719},"size":57.1013298034668,"orthographic":false}